"","ENSEMBL","SYMBOL","ENTREZID"
"1","FBgn0265074","lncRNA:CR44185","14462644"
"2","FBgn0265075","lncRNA:CR44186","14462645"
"3","FBgn0053635","CG33635","3772540"
"4","FBgn0263465","snoRNA:kis-a","12797868"
"5","FBgn0262252","mir-965","12797869"
"6","FBgn0267995","asRNA:CR46262","26067572"
"7","FBgn0031254","CG13692","33216"
"8","FBgn0031263","Tspo","33231"
"9","FBgn0031268","cold","33237"
"10","FBgn0031284","PGAP2","33258"
"11","FBgn0031312","Tango14","33298"
"12","FBgn0031314","IntS14","33300"
"13","FBgn0031351","CG14352","33341"
"14","FBgn0051943","tRNA:Gln-CTG-2-2","3772350"
"15","FBgn0051669","tRNA:Gln-CTG-2-5","3772558"
"16","FBgn0011860","tRNA:Gly-GCC-1-2","3772114"
"17","FBgn0259230","lectin-22C","7354375"
"18","FBgn0031391","CG11723","33388"
"19","FBgn0031395","CG10874","33394"
"20","FBgn0266317","asRNA:CR44982","19835859"
"21","FBgn0026778","Rad1","33440"
"22","FBgn0053125","CG33125","318892"
"23","FBgn0265997","lncRNA:CR44772","19836120"
"24","FBgn0243513","cnir","33520"
"25","FBgn0031518","CG3277","33543"
"26","FBgn0021967","ND-PDSW","44228"
"27","FBgn0051776","CG31776","33568"
"28","FBgn0014396","tim","33571"
"29","FBgn0263523","mir-4972","12798548"
"30","FBgn0259953","Sfp24Bd","8674028"
"31","FBgn0031559","CG3513","33590"
"32","FBgn0266319","asRNA:CR44984","19835330"
"33","FBgn0265908","lncRNA:CR44697","19836217"
"34","FBgn0031607","Secp43","33652"
"35","FBgn0031651","mRpL24","33703"
"36","FBgn0015834","eIF3i","33710"
"37","FBgn0031677","CG14036","33735"
"38","FBgn0266829","lncRNA:CR45291","19836150"
"39","FBgn0261608","RpL37A","44783"
"40","FBgn0065104","sncRNA:158","3772042"
"41","FBgn0015031","cype","46040"
"42","FBgn0031700","CG14022","33763"
"43","FBgn0051648","Cox11","33776"
"44","FBgn0031775","CG9150","33856"
"45","FBgn0086357","Sec61alpha","33905"
"46","FBgn0031873","Gas41","33973"
"47","FBgn0031876","Atac1","33977"
"48","FBgn0031961","CG7102","34079"
"49","FBgn0267488","Mcr","44071"
"50","FBgn0031998","SLC5A11","34117"
"51","FBgn0264951","lncRNA:CR44120","14462723"
"52","FBgn0263852","Dad1","34159"
"53","FBgn0020497","emb","34167"
"54","FBgn0051896","tRNA:Asp-GTC-1-2","3772570"
"55","FBgn0264340","CG43796","14462726"
"56","FBgn0032047","CG13088","34180"
"57","FBgn0032051","CG13097","34184"
"58","FBgn0052983","CG32983","50434"
"59","FBgn0265827","lncRNA:CR44616","19836023"
"60","FBgn0032101","CG9586","34241"
"61","FBgn0063389","snoRNA:Me18S-G1620","3772137"
"62","FBgn0032160","CG4598","34315"
"63","FBgn0266359","asRNA:CR45007","19836133"
"64","FBgn0004419","me31B","34364"
"65","FBgn0032200","CG5676","34368"
"66","FBgn0259482","Mob3","34372"
"67","FBgn0032205","CG4957","34374"
"68","FBgn0260749","Utx","34377"
"69","FBgn0032228","CG5367","34401"
"70","FBgn0032230","lft","34405"
"71","FBgn0051718","Ir31a","318912"
"72","FBgn0032251","Nse4","34434"
"73","FBgn0032282","CG7299","34468"
"74","FBgn0032294","Vha16-5","34482"
"75","FBgn0015756","RpL9","34526"
"76","FBgn0250837","dUTPase","34529"
"77","FBgn0265673","lncRNA:CR44480","19835832"
"78","FBgn0032377","CG14937","34591"
"79","FBgn0032390","dgt2","34610"
"80","FBgn0028707","Mt2","34632"
"81","FBgn0032420","CG6583","34645"
"82","FBgn0265808","lncRNA:CR44597","19835327"
"83","FBgn0032455","Pih1D1","34685"
"84","FBgn0024291","Sirt1","34708"
"85","FBgn0032475","Sfmbt","34709"
"86","FBgn0032488","CG16812","34722"
"87","FBgn0032509","CG6523","34745"
"88","FBgn0032511","ND-B22","34747"
"89","FBgn0032514","CG9302","34750"
"90","FBgn0032516","Ing5","34752"
"91","FBgn0267244","lncRNA:CR45684","19836022"
"92","FBgn0028931","CG16863","34784"
"93","FBgn0004407","PolG2","3772064"
"94","FBgn0001967","NimC3","48772"
"95","FBgn0000055","Adh","3771877"
"96","FBgn0028894","GMF","34963"
"97","FBgn0028525","c(2)M","34964"
"98","FBgn0040984","CG4440","50458"
"99","FBgn0263555","mir-4943","12798234"
"100","FBgn0086038","snoRNA:Me28S-C1237","5740145"
"101","FBgn0051815","CG31815","318959"
"102","FBgn0051807","CG31807","318953"
"103","FBgn0051812","Tsen2","318956"
"104","FBgn0262398","mir-124","12797995"
"105","FBgn0265906","lncRNA:CR44695","19835101"
"106","FBgn0032703","CG10343","35127"
"107","FBgn0265954","lncRNA:CR44741","19835741"
"108","FBgn0086446","DCTN6-p27","35195"
"109","FBgn0065096","sncRNA:359","3772263"
"110","FBgn0032791","CG18094","35232"
"111","FBgn0027949","msb1l","35254"
"112","FBgn0032835","CG16772","35281"
"113","FBgn0032847","Taf13","35297"
"114","FBgn0016054","phr6-4","35322"
"115","FBgn0284223","CG46307","30522396"
"116","FBgn0284230","CG46314","30522403"
"117","FBgn0262620","lncRNA:CR43144","19834780"
"118","FBgn0266225","lncRNA:CR44920","19835731"
"119","FBgn0266221","lncRNA:CR44916","19836108"
"120","FBgn0266044","lncRNA:CR44809","19836112"
"121","FBgn0264909","lncRNA:CR44100","14462535"
"122","FBgn0033021","CG10417","35492"
"123","FBgn0033028","hrm","35499"
"124","FBgn0267028","lncRNA:CR45472","19835066"
"125","FBgn0266580","Gp210","35512"
"126","FBgn0033048","CG7881","35521"
"127","FBgn0264958","lncRNA:CR44127","14462544"
"128","FBgn0011890","tRNA:Lys-CTT-1-5","3772118"
"129","FBgn0266518","Dpit47","35565"
"130","FBgn0033104","CG15237","35591"
"131","FBgn0022224","ubl","35592"
"132","FBgn0025185","az2","35682"
"133","FBgn0033186","CG1602","35684"
"134","FBgn0263558","mir-4980","12798090"
"135","FBgn0033233","Kdm4A","35744"
"136","FBgn0050363","cola","246566"
"137","FBgn0033322","CG8584","35856"
"138","FBgn0021825","DCTN2-p50","44086"
"139","FBgn0004921","Ggamma1","35881"
"140","FBgn0265301","lncRNA:CR44274","19836145"
"141","FBgn0033357","Tom7","35899"
"142","FBgn0033372","CG13742","35916"
"143","FBgn0033389","Rad51D","35937"
"144","FBgn0266486","CG45085","19834931"
"145","FBgn0016970","l(2)k10201","48373"
"146","FBgn0050000","GstT1","35995"
"147","FBgn0054033","CG34033","3885602"
"148","FBgn0265339","asRNA:CR44293","19836033"
"149","FBgn0265341","lncRNA:CR44295","19834746"
"150","FBgn0013435","Cdc2rk","36051"
"151","FBgn0033497","CG12912","36075"
"152","FBgn0283625","CG46298","36091"
"153","FBgn0033518","Prx2540-2","36098"
"154","FBgn0265347","lncRNA:CR44301","19834883"
"155","FBgn0050018","mthl13","246395"
"156","FBgn0033554","Lsm10","36141"
"157","FBgn0050016","CG30016","246393"
"158","FBgn0033564","Pex6","3772165"
"159","FBgn0015582","dare","36203"
"160","FBgn0033614","Obp47b","36207"
"161","FBgn0011987","tRNA:SeC-TCA-1-1","3771925"
"162","FBgn0033635","Prip","36237"
"163","FBgn0265363","asRNA:CR44304","19834903"
"164","FBgn0259985","Mppe","36285"
"165","FBgn0010339","128up","36288"
"166","FBgn0026176","SkpB","36298"
"167","FBgn0040759","CG13177","5740215"
"168","FBgn0262889","CG43244","12798420"
"169","FBgn0033741","CG8545","36365"
"170","FBgn0266817","lncRNA:CR45279","19834777"
"171","FBgn0033756","CG17760","36385"
"172","FBgn0033806","FLASH","36455"
"173","FBgn0033807","AQP","36456"
"174","FBgn0264539","lncRNA:CR43918","14462583"
"175","FBgn0033836","CG18278","36487"
"176","FBgn0011881","tRNA:Ile-AAT-1-3","3772043"
"177","FBgn0011885","tRNA:Ile-AAT-1-7","3772404"
"178","FBgn0050065","CG30065","246431"
"179","FBgn0033906","ReepB","36569"
"180","FBgn0262407","mir-308","12798452"
"181","FBgn0033945","CG12868","36620"
"182","FBgn0053469","CG33469","2768832"
"183","FBgn0050476","ave","246638"
"184","FBgn0013773","Cyp6a22","49847"
"185","FBgn0013772","Cyp6a8","36666"
"186","FBgn0034002","CG8079","36689"
"187","FBgn0266636","asRNA:CR45143","19835114"
"188","FBgn0015247","Diap2","36748"
"189","FBgn0050095","CG30095","246453"
"190","FBgn0050099","CG30099","36818"
"191","FBgn0050100","CG30100","246457"
"192","FBgn0259718","CG42372","7354379"
"193","FBgn0034137","CG4945","36850"
"194","FBgn0085489","CG34460","5740316"
"195","FBgn0265659","lncRNA:CR44466","19836066"
"196","FBgn0034162","CG6426","36891"
"197","FBgn0262568","CG43108","12798329"
"198","FBgn0024196","robl","36963"
"199","FBgn0028382","cyp33","36984"
"200","FBgn0010409","RpL18A","36985"
"201","FBgn0034243","Ns2","36989"
"202","FBgn0050105","CG30105","246459"
"203","FBgn0050333","tRNA:Phe-GAA-1-4","3772089"
"204","FBgn0034255","Oxp","37002"
"205","FBgn0265577","IBIN","19835457"
"206","FBgn0260764","CG42562","37008"
"207","FBgn0034325","CG18539","37096"
"208","FBgn0034328","BomBc1","37099"
"209","FBgn0003067","Pepck1","37131"
"210","FBgn0261587","CG42697","10178822"
"211","FBgn0034403","CG18190","37179"
"212","FBgn0041702","CG15107","59128"
"213","FBgn0034426","AANATL5","37210"
"214","FBgn0267587","asRNA:CR45925","26067253"
"215","FBgn0040273","Spt5","53442"
"216","FBgn0265665","lncRNA:CR44472","19836153"
"217","FBgn0261807","CG42753","10178923"
"218","FBgn0046880","Obp56b","37265"
"219","FBgn0262334","mir-992","12798132"
"220","FBgn0263741","CG43666","14462614"
"221","FBgn0067905","Dso2","3885603"
"222","FBgn0034572","CG9346","37381"
"223","FBgn0050209","tRNA:Trp-CCA-2-6","3772714"
"224","FBgn0050392","CG30392","246587"
"225","FBgn0034617","Panx","37434"
"226","FBgn0034628","Acox57D-p","37445"
"227","FBgn0069056","CG33226","2768859"
"228","FBgn0041239","Gr58a","117344"
"229","FBgn0050280","CG30280","37522"
"230","FBgn0034713","CG11291","37541"
"231","FBgn0265979","lncRNA:CR44758","19834984"
"232","FBgn0017482","T3dh","37551"
"233","FBgn0034725","CG6044","37558"
"234","FBgn0266433","CG45063","19835490"
"235","FBgn0026261","bonsai","37587"
"236","FBgn0085475","CG34446","5740549"
"237","FBgn0050275","CG30275","246522"
"238","FBgn0267823","Gmer","37638"
"239","FBgn0034814","CG9890","37659"
"240","FBgn0034850","CG9875","37698"
"241","FBgn0034908","CG5543","37768"
"242","FBgn0034959","Xxylt","37833"
"243","FBgn0266073","lncRNA:CR44826","19835081"
"244","FBgn0015544","spag","43958"
"245","FBgn0026169","snoRNA:Psi18S-1820","3772141"
"246","FBgn0035022","CG11413","37920"
"247","FBgn0069913","CG4681","37928"
"248","FBgn0050163","Cpr60D","246492"
"249","FBgn0050161","CG30161","37945"
"250","FBgn0040666","CG12848","50139"
"251","FBgn0086908","egg","37962"
"252","FBgn0035068","CG12849","37971"
"253","FBgn0050423","CG30423","246605"
"254","FBgn0263443","asRNA:CR43466","12797865"
"255","FBgn0050428","CG30428","246608"
"256","FBgn0266951","lncRNA:CR45402","19835147"
"257","FBgn0025592","Gk1","43913"
"258","FBgn0085292","CG34263","5740488"
"259","FBgn0052845","CG32845","318243"
"260","FBgn0035124","ttm2","38049"
"261","FBgn0262451","mir-ban","12798547"
"262","FBgn0260755","CG42553","38094"
"263","FBgn0035194","Psf1","38136"
"264","FBgn0035196","Bfc","38138"
"265","FBgn0035247","Mettl2","38197"
"266","FBgn0035248","CG13919","38200"
"267","FBgn0083121","Uhg7","8674061"
"268","FBgn0026372","RpL23A","38208"
"269","FBgn0035270","CG13933","38227"
"270","FBgn0011573","Cdc37","38232"
"271","FBgn0267468","asRNA:CR45818","26067146"
"272","FBgn0267478","asRNA:CR45828","26067156"
"273","FBgn0267479","asRNA:CR45829","26067157"
"274","FBgn0035335","mRpL23","38302"
"275","FBgn0052298","CG32298","317963"
"276","FBgn0028504","CG12182","38324"
"277","FBgn0035372","CG12093","38343"
"278","FBgn0035414","CG14965","38388"
"279","FBgn0035422","RpL28","38397"
"280","FBgn0259933","Dpm2","8674033"
"281","FBgn0052274","Drsl1","326207"
"282","FBgn0052268","Drsl6","38416"
"283","FBgn0052263","CG32263","317944"
"284","FBgn0035470","Ccz1","38455"
"285","FBgn0003943","Ubi-p63E","38456"
"286","FBgn0004911","asRNA:Eig63F-2","4379905"
"287","FBgn0045479","Gr64a","117481"
"288","FBgn0028664","VhaM9.7-c","38503"
"289","FBgn0261952","srw","38525"
"290","FBgn0052240","CG32240","317933"
"291","FBgn0035541","CG15019","38542"
"292","FBgn0040842","CG15212","50315"
"293","FBgn0035603","Pfdn4","38615"
"294","FBgn0086660","snoRNA:Psi28S-1837a","3772387"
"295","FBgn0035631","Txl","38646"
"296","FBgn0035645","CG5592","38662"
"297","FBgn0035663","CG6462","38681"
"298","FBgn0266961","lncRNA:CR45412","19835158"
"299","FBgn0035721","CG9948","38757"
"300","FBgn0035722","CG10075","38758"
"301","FBgn0035726","CG9953","38763"
"302","FBgn0047205","lncRNA:CR32385","3772463"
"303","FBgn0024542","Neos","38795"
"304","FBgn0028648","mRpL50","38796"
"305","FBgn0015298","Srp19","38815"
"306","FBgn0052368","lncRNA:CR32368","317997"
"307","FBgn0052361","tRNA:Leu-CAG-1-5","3771969"
"308","FBgn0260968","CG42591","8674006"
"309","FBgn0020392","Nmt","38909"
"310","FBgn0087039","Sbp2","38934"
"311","FBgn0035896","CG6983","38964"
"312","FBgn0035901","Pus7","38969"
"313","FBgn0017429","CG5989","38984"
"314","FBgn0040321","GNBP3","39020"
"315","FBgn0052039","Svip","317834"
"316","FBgn0267533","asRNA:CR45873","26067201"
"317","FBgn0286833","CG46387","39877388"
"318","FBgn0266952","lncRNA:CR45403","19835783"
"319","FBgn0085267","CG34238","5740238"
"320","FBgn0052068","Adi1","326189"
"321","FBgn0036107","galla-2","39221"
"322","FBgn0036109","Cpr67Fa2","39224"
"323","FBgn0052069","CG32069","39235"
"324","FBgn0083068","CG33947","26067039"
"325","FBgn0052074","CG32074","317842"
"326","FBgn0265929","lncRNA:CR44718","19835872"
"327","FBgn0265933","lncRNA:CR44722","19836076"
"328","FBgn0036176","CG7377","2768978"
"329","FBgn0266992","lncRNA:CR45443","19834904"
"330","FBgn0267540","lncRNA:CR45880","26067208"
"331","FBgn0053265","Muc68E","2768990"
"332","FBgn0002565","Lsp2","45326"
"333","FBgn0052104","CG32104","39413"
"334","FBgn0085271","CG34242","5740417"
"335","FBgn0036359","CG14105","39507"
"336","FBgn0085273","CG34244","5740216"
"337","FBgn0267695","lncRNA:CR46031","26067350"
"338","FBgn0053986","CG33986","3885638"
"339","FBgn0036568","ATPsynbetaL","39761"
"340","FBgn0036580","PDCD-5","39776"
"341","FBgn0267550","asRNA:CR45890","26067218"
"342","FBgn0267224","lncRNA:CR45664","19835823"
"343","FBgn0036614","Golgin104","39810"
"344","FBgn0283681","Tcs3","39811"
"345","FBgn0267555","asRNA:CR45895","26067223"
"346","FBgn0262895","lncRNA:CR43250","19835793"
"347","FBgn0052179","Krn","326198"
"348","FBgn0259739","CG42393","7354474"
"349","FBgn0052202","CG32202","326199"
"350","FBgn0266937","lncRNA:CR45388","19835942"
"351","FBgn0036818","CG14074","40051"
"352","FBgn0025807","Rad9","40054"
"353","FBgn0015586","Acp76A","40078"
"354","FBgn0036857","Aldh7A1","40097"
"355","FBgn0062928","hpRNA:CR33940","3771790"
"356","FBgn0036908","TORIP","40158"
"357","FBgn0052221","CG32221","317924"
"358","FBgn0036918","Pfdn6","40176"
"359","FBgn0004852","Ac76E","40180"
"360","FBgn0036970","Spn77Bc","40236"
"361","FBgn0029158","Las","40259"
"362","FBgn0036991","CtIP","40262"
"363","FBgn0036999","isoQC","40270"
"364","FBgn0016696","Pitslre","40292"
"365","FBgn0037021","Pcif1","40295"
"366","FBgn0040636","CG13255","50109"
"367","FBgn0283479","Alp1","40372"
"368","FBgn0037166","CG11426","40471"
"369","FBgn0037191","CG14448","40497"
"370","FBgn0024733","RpL10","43864"
"371","FBgn0264492","CkIIalpha","48448"
"372","FBgn0266657","asRNA:CR45164","19834895"
"373","FBgn0267661","asRNA:CR45999","26067320"
"374","FBgn0037261","CG9775","40576"
"375","FBgn0022981","rpk","40580"
"376","FBgn0267812","asRNA:CR46137","26067453"
"377","FBgn0037284","CG14659","40604"
"378","FBgn0037317","CG14667","40643"
"379","FBgn0082961","snoRNA:Psi28S-3385b","5740675"
"380","FBgn0082979","snoRNA:Psi28S-3091a","5740351"
"381","FBgn0086662","snoRNA:Psi28S-3186","3772266"
"382","FBgn0082989","snoRNA:Psi28S-2442a","5740263"
"383","FBgn0267690","CG46026","26067064"
"384","FBgn0266235","lncRNA:CR44930","19834915"
"385","FBgn0263383","lncRNA:CR43435","12798042"
"386","FBgn0037469","Dpck","40846"
"387","FBgn0037477","CG14610","40856"
"388","FBgn0004175","Mst84Dd","40886"
"389","FBgn0261508","CG42656","10178806"
"390","FBgn0015831","Rtnl2","40903"
"391","FBgn0267818","lncRNA:CR46143","26067459"
"392","FBgn0040524","CG11052","49997"
"393","FBgn0010173","RPA1","40972"
"394","FBgn0051450","mRpS18A","326141"
"395","FBgn0012027","tRNA:Tyr-GTA-1-5","3772598"
"396","FBgn0012026","tRNA:Tyr-GTA-1-6","3772062"
"397","FBgn0037621","M1BP","41042"
"398","FBgn0040532","CG8369","50005"
"399","FBgn0051100","CG31100","41075"
"400","FBgn0010222","Nmdmc","47895"
"401","FBgn0260237","BBIP1","8674100"
"402","FBgn0037737","Pnn","41185"
"403","FBgn0037780","ohgt","41230"
"404","FBgn0051410","Npc2e","326136"
"405","FBgn0266732","asRNA:CR45205","19835857"
"406","FBgn0037809","CG12818","41261"
"407","FBgn0037811","CG12592","41263"
"408","FBgn0262223","mir-994","12797880"
"409","FBgn0037824","CG14684","41281"
"410","FBgn0051390","MED7","41288"
"411","FBgn0260944","Rbp1","41294"
"412","FBgn0040257","Ugt302E1","53508"
"413","FBgn0086055","snoRNA:Me18S-C1096","5740862"
"414","FBgn0051144","asRNA:CR31144","10178892"
"415","FBgn0011774","Irbp","117419"
"416","FBgn0042205","CG18764","59239"
"417","FBgn0260743","GC1","41448"
"418","FBgn0264829","CG44037","14462455"
"419","FBgn0038037","Cyp9f2","41520"
"420","FBgn0038045","NANS","41528"
"421","FBgn0013277","Hsp70Ba","44921"
"422","FBgn0013278","Hsp70Ba","44921"
"423","FBgn0013278","Hsp70Bb","48582"
"424","FBgn0013278","Hsp70Bc","48583"
"425","FBgn0267682","asRNA:CR46018","26067339"
"426","FBgn0044511","mRpS21","318249"
"427","FBgn0038196","CG9922","41708"
"428","FBgn0038235","CG8461","41758"
"429","FBgn0038307","mRpS10","41838"
"430","FBgn0038311","CG14864","41846"
"431","FBgn0266722","Trs33","41866"
"432","FBgn0038387","blp","41937"
"433","FBgn0052856","CG32856","318251"
"434","FBgn0038437","Sdhaf3","42004"
"435","FBgn0038461","EMC2B","42045"
"436","FBgn0038470","CG18213","42055"
"437","FBgn0085307","CG34278","5740656"
"438","FBgn0264291","Det","42077"
"439","FBgn0085310","CG34281","50039"
"440","FBgn0038532","CG14322","42124"
"441","FBgn0038596","CG14312","42195"
"442","FBgn0051231","CG31231","318638"
"443","FBgn0266388","asRNA:CR45028","19835369"
"444","FBgn0038673","CG14286","42280"
"445","FBgn0038675","CG6013","42286"
"446","FBgn0038738","CG4572","42360"
"447","FBgn0043457","CG5180","192508"
"448","FBgn0262185","mir-995","12798495"
"449","FBgn0038951","Polr3F","42619"
"450","FBgn0263351","AP-2mu","42642"
"451","FBgn0053107","CG33107","326256"
"452","FBgn0039017","CG6985","42694"
"453","FBgn0086253","rumi","326122"
"454","FBgn0040588","CG13841","50061"
"455","FBgn0039077","CG17380","42766"
"456","FBgn0004187","snRNA:U1:95Cc","3772462"
"457","FBgn0051141","CG31141","318605"
"458","FBgn0264740","CG43998","19836181"
"459","FBgn0039129","RpS19b","42830"
"460","FBgn0043455","CG5986","192506"
"461","FBgn0039149","CG18428","42857"
"462","FBgn0267339","p38c","2768679"
"463","FBgn0039158","TBC1d7","42869"
"464","FBgn0039159","mRpS24","42870"
"465","FBgn0039170","CG13609","42883"
"466","FBgn0011785","BRWD3","42898"
"467","FBgn0267763","lncRNA:CR46094","26067411"
"468","FBgn0051125","CG31125","318599"
"469","FBgn0039237","CG13640","42967"
"470","FBgn0043799","CG31381","192528"
"471","FBgn0051111","CG31111","318595"
"472","FBgn0051106","CG31106","318594"
"473","FBgn0286042","sisRNA:CR46364","39877406"
"474","FBgn0039304","CG10425","43043"
"475","FBgn0039336","CG4553","43078"
"476","FBgn0267214","lncRNA:CR45654","19835423"
"477","FBgn0267217","lncRNA:CR45657","19835495"
"478","FBgn0266400","lncRNA:CR45040","19834808"
"479","FBgn0039403","Sld5","43166"
"480","FBgn0039406","RpL34a","43169"
"481","FBgn0039439","TwdlK","43205"
"482","FBgn0262379","mir-1012","12798273"
"483","FBgn0002838","ms(3)K81","43232"
"484","FBgn0051071","tRNA:Gln-TTG-1-2","3772562"
"485","FBgn0284229","CG46313","30522402"
"486","FBgn0005696","PolA2","43278"
"487","FBgn0039503","CG14262","43286"
"488","FBgn0039505","CG5934","43289"
"489","FBgn0039557","CG12259","43347"
"490","FBgn0267776","asRNA:CR46107","26067424"
"491","FBgn0062442","Cisd2","43459"
"492","FBgn0264792","lncRNA:CR44022","14462526"
"493","FBgn0039666","Diedel","43474"
"494","FBgn0039686","CG15506","43498"
"495","FBgn0042213","CG18731","59246"
"496","FBgn0039697","Etfb","43515"
"497","FBgn0039711","CG7824","43530"
"498","FBgn0039713","RpS8","43532"
"499","FBgn0260760","CG42558","8674024"
"500","FBgn0001280","janA","43569"
"501","FBgn0039742","CG15528","43575"
"502","FBgn0085346","Rpp14a","5740224"
"503","FBgn0039760","CG9682","43602"
"504","FBgn0039764","CG15535","43608"
"505","FBgn0039765","mRpS18C","43609"
"506","FBgn0054041","CG34041","3885583"
"507","FBgn0267112","lncRNA:CR45552","19835715"
"508","FBgn0265203","lncRNA:CR44263","19835828"
"509","FBgn0266268","FeCH","43757"
"510","FBgn0266617","asRNA:CR45124","19834809"
"511","FBgn0025740","PlexB","43766"
"512","FBgn0265633","lncRNA:CR44440","19835163"
"513","FBgn0052000","anne","317815"
"514","FBgn0052006","CG32006","317817"
"515","FBgn0053978","CG33978","3885646"
"516","FBgn0039900","Syt7","43783"
"517","FBgn0026777","Rad23","43785"
"518","FBgn0039902","Zip102B","43786"
"519","FBgn0052850","Rnf11","318246"
"520","FBgn0016126","CaMKI","43792"
"521","FBgn0040324","Ephrin","43799"
"522","FBgn0039911","CG1909","43800"
"523","FBgn0025936","Eph","43803"
"524","FBgn0262302","mir-954","12798287"
"525","FBgn0264821","asRNA:CR44029","14462359"
"526","FBgn0002521","pho","43819"
"527","FBgn0040373","CG3038","30970"
"528","FBgn0259722","CG42376","7354420"
"529","FBgn0000316","cin","30973"
"530","FBgn0029518","CG13376","3346142"
"531","FBgn0262811","CG43182","12798293"
"532","FBgn0265966","lncRNA:CR44753","19835875"
"533","FBgn0266196","asRNA:CR44891","19836009"
"534","FBgn0029529","CG13365","31005"
"535","FBgn0083027","snoRNA:Psi18S-531","5740514"
"536","FBgn0040343","CG3713","50365"
"537","FBgn0040345","CG3708","31039"
"538","FBgn0052814","CG32814","318223"
"539","FBgn0052811","CG32811","318222"
"540","FBgn0029573","CG14770","31085"
"541","FBgn0027791","O-fut2","31098"
"542","FBgn0260986","mei-38","31104"
"543","FBgn0044508","snoRNA:M","3772672"
"544","FBgn0029588","CR14798","31126"
"545","FBgn0029589","CG14810","31131"
"546","FBgn0023515","Gcna","31139"
"547","FBgn0026873","MED18","31140"
"548","FBgn0026089","CG14817","31145"
"549","FBgn0026088","CG14818","31147"
"550","FBgn0267591","asRNA:CR45929","26067257"
"551","FBgn0265531","asRNA:CR44381","19835579"
"552","FBgn0029596","CG14054","31172"
"553","FBgn0025629","CG4045","31176"
"554","FBgn0025839","ND-B14.5A","31190"
"555","FBgn0040899","CG17776","50373"
"556","FBgn0029629","eIF3g1","31243"
"557","FBgn0024980","Syx4","31269"
"558","FBgn0029656","CG10793","31308"
"559","FBgn0266180","lncRNA:CR44886","19835523"
"560","FBgn0052493","tRNA:Gln-TTG-2-1","3772230"
"561","FBgn0029657","CG12535","31311"
"562","FBgn0029660","CG10801","31314"
"563","FBgn0266429","AstA-R1","44126"
"564","FBgn0029686","Glos","31348"
"565","FBgn0029689","CG6428","31351"
"566","FBgn0262980","CG43288","12798106"
"567","FBgn0040906","CG15579","50380"
"568","FBgn0029714","CG3527","31387"
"569","FBgn0029715","CG11444","31388"
"570","FBgn0025612","CG3062","31396"
"571","FBgn0029718","mRpL30","31398"
"572","FBgn0028325","Pdha","31406"
"573","FBgn0267442","lncRNA:CR45792","26067123"
"574","FBgn0266098","rg","44531"
"575","FBgn0029746","CG15465","31434"
"576","FBgn0029752","TrxT","31443"
"577","FBgn0267073","lncRNA:CR45517","19834818"
"578","FBgn0029822","CG12236","31523"
"579","FBgn0029824","CG3726","31525"
"580","FBgn0029840","raptor","31543"
"581","FBgn0028685","Rpt4","31567"
"582","FBgn0029860","CG15891","3772383"
"583","FBgn0053666","CG33666","3771730"
"584","FBgn0263507","lncRNA:CR43496","12797941"
"585","FBgn0029502","Coq7","44007"
"586","FBgn0029907","Atx-1","31624"
"587","FBgn0267088","lncRNA:CR45532","19835991"
"588","FBgn0261848","CG42780","10178796"
"589","FBgn0261616","CG42705","10178898"
"590","FBgn0262828","lncRNA:CR43199","19835479"
"591","FBgn0265693","lncRNA:CR44500","19835808"
"592","FBgn0267090","lncRNA:CR45534","19834839"
"593","FBgn0265695","lncRNA:CR44502","19835982"
"594","FBgn0029952","CG12689","31676"
"595","FBgn0267226","lncRNA:CR45666","19835578"
"596","FBgn0082924","snoRNA:Or-aca2","5740435"
"597","FBgn0004404","RpS14a","47218"
"598","FBgn0004404","RpS14b","47219"
"599","FBgn0029987","CG15330","31715"
"600","FBgn0030006","CG17982","31739"
"601","FBgn0030048","CG12112","31794"
"602","FBgn0027864","Ogg1","31806"
"603","FBgn0265701","lncRNA:CR44508","19835956"
"604","FBgn0030063","CG1789","31812"
"605","FBgn0030067","Rbm13","31818"
"606","FBgn0030071","CG12661","31822"
"607","FBgn0030078","CG10970","31830"
"608","FBgn0052707","APC4","31835"
"609","FBgn0040467","Dlip1","53580"
"610","FBgn0040931","CG9034","50405"
"611","FBgn0265725","CG44532","19835861"
"612","FBgn0030100","CG12106","31856"
"613","FBgn0030103","Obp8a","31860"
"614","FBgn0010269","Dsor1","31872"
"615","FBgn0054026","CG34026","3885569"
"616","FBgn0030137","CG15317","31898"
"617","FBgn0267103","lncRNA:CR45543","19836056"
"618","FBgn0264786","lncRNA:CR44016","14462391"
"619","FBgn0263509","lncRNA:CR43498","12797960"
"620","FBgn0266431","CG45061","19835998"
"621","FBgn0030156","CG15247","31919"
"622","FBgn0030158","CG9686","31921"
"623","FBgn0030191","CG15306","31961"
"624","FBgn0052683","CG32683","31970"
"625","FBgn0030239","Pgls","32013"
"626","FBgn0267176","lncRNA:CR45616","19834946"
"627","FBgn0052667","ssp7","318146"
"628","FBgn0030272","CG15201","32053"
"629","FBgn0265986","lncRNA:CR44765","19835111"
"630","FBgn0001491","l(1)10Bb","32069"
"631","FBgn0262335","mir-2492","12797961"
"632","FBgn0027259","Kmn1","32102"
"633","FBgn0030329","prtp","32124"
"634","FBgn0266277","asRNA:CR44962","19836135"
"635","FBgn0030346","BORCS5","32145"
"636","FBgn0030351","CG1840","32150"
"637","FBgn0030356","lncRNA:CR32661","3772605"
"638","FBgn0052660","lncRNA:CR32660","3771836"
"639","FBgn0052657","lncRNA:CR32657","3772397"
"640","FBgn0040859","lncRNA:CR32658","3772624"
"641","FBgn0030391","Rab40","32195"
"642","FBgn0030394","Cpr11A","32198"
"643","FBgn0265761","lncRNA:CR44568","19836141"
"644","FBgn0030409","CG15728","32214"
"645","FBgn0030418","CG4004","32226"
"646","FBgn0030421","Agpat1","32230"
"647","FBgn0267185","lncRNA:CR45625","19834844"
"648","FBgn0267186","lncRNA:CR45626","19835326"
"649","FBgn0030441","CG2209","32250"
"650","FBgn0030449","Fer3HCH","32260"
"651","FBgn0010198","RpS15Aa","44150"
"652","FBgn0267273","lncRNA:CR45709","19835241"
"653","FBgn0030480","Tim9a","32294"
"654","FBgn0265831","lncRNA:CR44620","19834756"
"655","FBgn0030483","CG12725","32298"
"656","FBgn0265865","lncRNA:CR44654","19835930"
"657","FBgn0262108","lncRNA:CR42861","10178871"
"658","FBgn0011952","tRNA:Arg-TCG-2-1","3772515"
"659","FBgn0053236","Ste:CG33236","2768873"
"660","FBgn0053236","Ste:CG33244","2768896"
"661","FBgn0053236","Ste:CG33240","2768900"
"662","FBgn0053236","Ste:CG33245","2768906"
"663","FBgn0011953","tRNA:Arg-TCG-1-1","3772710"
"664","FBgn0030545","CG11590","32368"
"665","FBgn0260482","CG32599","318108"
"666","FBgn0030572","mRpS25","32395"
"667","FBgn0266094","lncRNA:CR44831","19835371"
"668","FBgn0000535","eag","32428"
"669","FBgn0265872","lncRNA:CR44661","19835098"
"670","FBgn0053178","CG33178","318913"
"671","FBgn0266275","asRNA:CR44960","19836212"
"672","FBgn0030610","Cox17","32439"
"673","FBgn0030611","CG15027","32440"
"674","FBgn0030630","CG12608","32463"
"675","FBgn0026433","Grip128","32478"
"676","FBgn0265453","lncRNA:CR44353","19835156"
"677","FBgn0267082","lncRNA:CR45526","19835254"
"678","FBgn0030673","CG15601","32509"
"679","FBgn0026666","MagR","32513"
"680","FBgn0027329","CCT6","32518"
"681","FBgn0030685","Graf","32522"
"682","FBgn0030686","mRpL3","32523"
"683","FBgn0025809","Paf-AHalpha","32529"
"684","FBgn0052581","sordd2","318098"
"685","FBgn0030694","CG15602","32533"
"686","FBgn0030697","CG8565","32538"
"687","FBgn0014391","sun","44046"
"688","FBgn0026076","UBL3","32541"
"689","FBgn0002914","Myb","32543"
"690","FBgn0065035","AlkB","2768870"
"691","FBgn0030703","MSBP","32548"
"692","FBgn0053180","Ranbp16","118436"
"693","FBgn0045073","Stim","32556"
"694","FBgn0030715","Or13a","32562"
"695","FBgn0030721","CG12698","32570"
"696","FBgn0030725","CG8958","32575"
"697","FBgn0052576","CG32576","318095"
"698","FBgn0278608","Dsp1","117294"
"699","FBgn0054015","CG34015","3885570"
"700","FBgn0030757","CG9902","32622"
"701","FBgn0266352","asRNA:CR45001","19834819"
"702","FBgn0030768","Nemp","32639"
"703","FBgn0030769","CG13012","32642"
"704","FBgn0052572","CG32572","32657"
"705","FBgn0052569","TwdlZ","318092"
"706","FBgn0001250","if","32661"
"707","FBgn0030791","CG9132","2768881"
"708","FBgn0030796","CG4829","32672"
"709","FBgn0030801","Polr3I","32678"
"710","FBgn0030802","DENR","32679"
"711","FBgn0030808","RhoGAP15B","32686"
"712","FBgn0030813","CG4949","32691"
"713","FBgn0065032","Arpc3B","32696"
"714","FBgn0083001","snoRNA:Psi28S-1192a","5740419"
"715","FBgn0086671","snoRNA:Psi28S-2876","3772235"
"716","FBgn0260747","Chchd2","32701"
"717","FBgn0265903","lncRNA:CR44692","19835168"
"718","FBgn0030851","CG8326","32738"
"719","FBgn0267967","corolla","32739"
"720","FBgn0030880","CG6788","32773"
"721","FBgn0030883","CG7772","32776"
"722","FBgn0021765","scu","32789"
"723","FBgn0267166","lncRNA:CR45606","19835346"
"724","FBgn0262263","mir-969","12798149"
"725","FBgn0262433","mir-210","12798150"
"726","FBgn0262607","CG43133","12798151"
"727","FBgn0262874","CG43229","12798152"
"728","FBgn0267168","lncRNA:CR45608","19835796"
"729","FBgn0263769","lncRNA:CR43686","14462409"
"730","FBgn0030933","CG6470","32840"
"731","FBgn0030969","Usp39","32881"
"732","FBgn0263571","mir-4959","12798163"
"733","FBgn0031021","ND-18","32936"
"734","FBgn0040890","ksh","50363"
"735","FBgn0086782","amn","32999"
"736","FBgn0261624","I-3","33068"
"737","FBgn0025814","Mgstl","44110"
"738","FBgn0086049","snoRNA:Me28S-U3344a","5740538"
"739","FBgn0031170","Abca3","33103"
"740","FBgn0052525","tRNA:Tyr-GTA-2-1","3771861"
"741","FBgn0267063","lncRNA:CR45507","19835126"
"742","FBgn0031190","CG12576","33135"
"743","FBgn0027279","l(1)G0196","33137"
